feature	group	avgExpr	logFC	statistic	auc	pval	padj	pct_in	pct_out
LYZ	0	4.67650869206283	2.57528434384386	316894972	0.865097224548264	0	0	99.653485527925	79.5328529719015
PLAC8	0	3.12199632909812	1.74456938693713	291429303	0.795578041475947	0	0	93.5690990623726	59.9201778587309
IFITM3	0	3.45677583424527	1.59033093566506	307648804	0.839855945950423	0	0	99.6331023236853	77.7703372351539
PRDX5	0	3.09627973225773	1.58387365844177	330497839.5	0.902231934657037	0	0	99.5209947003669	84.6114697452656
TGFBI	0	2.16669528795939	1.57904173276472	322879450	0.881434357559545	0	0	95.5462698736241	39.4396378539094
CCR2	0	2.01023049012278	1.48801663578075	309043147.5	0.843662389089309	0	0	87.5050958010599	32.408325074331
CYBB	0	2.61066634940793	1.40214004806979	308315939.5	0.841677171026369	0	0	98.8585405625764	62.754131733319
LGALS3	0	2.44739576220966	1.38702274021604	294188538	0.803110526214696	0	0	98.2878108438646	51.2736720863579
APOE	0	3.46307165040647	1.3042881352416	257672781	0.703425511228157	0	0	95.9335507541786	75.048884365039
CSTB	0	2.51825871725059	1.22556605022671	300381330.5	0.820016340687364	0	0	98.542600896861	76.5542549487049
CEBPB	0	2.67289244120065	1.2101216151942	302966116.5	0.827072593995956	0	0	98.7668161434978	81.7373369405084
S100A6	0	2.20693464714804	1.17991687562759	278088452.5	0.759158616239174	0	0	92.9983693436608	49.8379449816516
PLA2G7	0	1.65485133714958	1.15511089420144	302153198	0.824853393313486	0	0	90.0326131267835	33.2306538451236
VIM	0	2.28199988318754	1.13860453032123	280095446.5	0.764637544882715	0	0	96.7692621280065	56.8103286636488
PLBD1	0	1.69093269951459	1.12863843137921	301326786.5	0.82259735785015	0	0	92.6212800652263	35.4913883159671
FXYD5	0	2.24079588238391	1.11229785118513	303847759	0.829479405549261	0	0	98.7871993477375	66.5229153831731
FTH1	0	4.6661550392848	1.07798741908368	299294206.5	0.817048581529798	0	0	100	97.8999812498326
CLEC12A	0	1.47312941128462	1.06644385011039	308285902.5	0.841595172485434	0	0	89.0542193232776	32.4726113626014
TRPS1	0	1.87409300311903	1.06443259867376	289756449.5	0.791011288930798	0	0	93.6710150835711	51.4424235930678
MSRB1	0	1.66560879972423	1.06233368726531	302008090	0.824457260401475	0	0	94.4659600489197	45.4905847373637
APOC2	0	1.51199790004767	1.04324397018837	286555324.5	0.782272480815748	0	0	81.24745209947	29.4136554790668
FTL	0	3.81790087449881	1.01543604913188	295932311	0.807870883165207	0	0	99.9490419894007	96.2124661827338
PID1	0	1.99088315843935	1.01415117508537	286406222	0.781865443247089	0	0	92.7537708927843	64.5407548281681
GPR141	0	1.42305320322636	0.975423829123562	288632806	0.787943834540163	0	0	83.3673053403995	29.4163340744114
S100A11	0	1.86703584005607	0.975322373673561	281510127	0.768499506359884	0	0	94.1602119853241	53.7995874963169
CFB	0	1.46406685940604	0.97181641492712	289596114	0.7905735861955	0	0	84.7024052181003	39.9887498995527
NPC2	0	3.30041693316785	0.966374204286199	309927927	0.84607776439475	0	0	99.6738687321647	93.8847668282753
CCL5	0	1.95358542346898	0.912079263748226	249506609	0.68113253293381	0	0	77.9249898083979	50.6308092036536
GPX1	0	2.59958420056175	0.904205945905443	293929509.5	0.802403399702039	0	0	99.1846718304117	89.2454396914258
C19orf38	0	1.61053965241397	0.900034215539445	298779215.5	0.815642698432456	0	0	95.1182225845903	57.0701524120751
C1QA	1	4.5001798112907	1.99760035326267	159732475	0.869376380453108	0	0	99.9766736645673	74.1868495963414
CD81	1	3.31482333355855	1.91424136976494	157675038	0.858178362441615	0	0	99.8833683228365	55.9125484156983
C1QC	1	4.37731660866825	1.84327253840492	159856087	0.870049163825059	0	0	99.9766736645673	75.157496850063
HEXB	1	4.41087488322815	1.77289831042213	149806731	0.81535350631919	0	0	99.9533473291346	91.3061738765225
C1QB	1	4.08922599443454	1.67250749423759	156446321.5	0.851490823771892	0	0	99.9766736645673	74.6978393765458
TANC2	1	2.76331564017041	1.6328765657513	143498183.5	0.781017957511933	0	0	97.9706088173548	44.6241075178496
PLXDC2	1	2.8659384171663	1.60829412942013	143693355.5	0.782080220692453	0	0	98.6703988803359	51.6636333939988
SPARC	1	2.67347906340681	1.55782773538287	145774852	0.793409187410685	0	0	98.5770935386051	44.7057725512156
CCL2	1	2.34184432609649	1.42523794113951	145071353.5	0.789580254192288	0	0	91.0660135292745	51.0803117270988
CD9	1	2.8632260511873	1.35574799159317	154744116.5	0.84222622794259	0	0	99.5801259622113	73.8601894628774
LGMN	1	3.77050155172897	1.29934699544293	155017207.5	0.843712581078446	0	0	99.9533473291346	90.0648653693593
CTSD	1	3.39316674855492	1.24546897724483	141946191	0.772570923669	0	0	99.8833683228365	83.2843343133137
MERTK	1	2.3668128756305	1.18558145641572	143742564.5	0.782348050651925	0	0	97.3407977606718	61.0434457977507
LY86	1	3.71103402518298	1.16406696371971	158387185	0.862054366874718	0	0	99.8833683228365	96.313407065192
DST	1	2.01782493458496	1.14680475081329	147606118	0.803376223899206	0	0	96.8276183811523	51.8222968873956
P2RY12	1	2.35553403423807	1.1391282747492	137401595.5	0.747836041257559	0	0	98.0639141590856	57.7605114564375
NAV3	1	1.909711076086	1.1277675249351	140431552	0.764327193823125	0	0	90.5295078143224	36.2289420878249
OPHN1	1	2.08085021393133	1.11155590494648	145511488	0.791975775444448	0	0	96.850944716585	56.6288674226516
CX3CR1	1	2.48997946090113	1.09633013193333	139229652	0.757785609391614	0	0	98.9969675763937	67.5883149003687
LPCAT2	1	2.77672167961018	1.08368837869203	152785951	0.831568515196837	0	0	99.7200839748076	83.9516543002473
SLC1A3	1	1.55163301120358	1.03506664714096	151169225	0.822769156155638	0	0	92.8154886867273	36.0399458677493
TIMP2	1	1.85114092999092	1.03110925134672	146442789	0.797044569955347	0	0	92.5355726615349	58.0055065565355
SERPINE2	1	1.66050812267062	1.0181968613858	146255051.5	0.796022770548399	0	0	93.1187310473525	40.5875215829017
CTSB	1	3.69504246942405	1.00850340734142	143965688.5	0.783562448259627	0	0	99.9766736645673	94.0897848709693
CST7	1	1.44180368908664	1.00632517460706	143466128.5	0.780843491675381	0	0	79.1462561231631	32.0593588128237
OLFML3	1	1.92263429224953	0.991648731968642	141900505.5	0.772322271072656	0	0	97.1541870772102	55.3478930421392
CD63	1	2.0599432366278	0.970131777981856	136599947.5	0.743472909485905	0	0	92.83881502216	59.0671519902935
NAV2	1	1.89043540607486	0.962525742364125	133636454	0.727343495273007	0	0	90.0396547702356	44.411778431098
MEF2C	1	2.28477526150526	0.962131788035094	135580398.5	0.737923807342996	0	0	98.4138091905762	69.650940314527
LDLRAD4	1	2.2148337939469	0.959584043477836	139676474.5	0.760217531439745	0	0	96.8742710520177	70.2785944281114
PLBD1	10	2.43889290373402	1.71709467302507	85791518	0.919471498120417	0	0	98.1642512077295	45.0493621741542
ALCAM	10	1.71108541848097	1.37136630735696	82581816.5	0.885071488474657	0	0	91.0144927536232	29.0671103716029
VIM	10	2.65818022635356	1.3364957339777	74758694.5	0.801227096010139	0	0	98.2608695652174	63.6051026067665
S100A6	10	2.54030267267687	1.32593393857708	72699040.5	0.77915273256328	0	0	94.8792270531401	57.1647254575707
TMSB10	10	3.48708135409387	1.32428399729058	78617218.5	0.842580867636066	0	0	99.8550724637681	88.7809206877427
NAPSA	10	1.86746456561268	1.30625856684861	82138520.5	0.880320458923801	0	0	96.3768115942029	44.1087077093733
CCND1	10	1.79076946296392	1.29173564317607	80842109	0.866426155012714	0	0	91.9806763285024	44.6100942872989
LSP1	10	2.08505163967949	1.25144372068909	79487801	0.851911344752841	0	0	97.1497584541063	59.6982806433722
CBFA2T3	10	1.589057544299	1.24899578535667	83823649.5	0.89838084673692	0	0	93.4299516908213	32.7720465890183
CRIP1	10	2.08844000593125	1.19045928579117	75950278.5	0.813997910085445	0	0	96.4251207729469	57.0316139767055
CD74	10	4.92075673813844	1.17916169916545	76626424.5	0.821244511964761	0	0	99.5652173913043	94.7110371602884
S100A11	10	2.19555801457988	1.15141182682817	75333867.5	0.807391518698037	0	0	97.3913043478261	60.5834719911259
DPP4	10	1.36142547461124	1.1357685246794	83236401.5	0.892087010109292	0	0	91.1111111111111	22.0321686078758
CCND2	10	1.48587246119904	1.11144509485304	75139713.5	0.805310671157304	0	0	80.6280193236715	29.6683305601775
TRERF1	10	1.36532900780113	1.1080199582658	80708638.5	0.864995683522631	0	0	86.0386473429952	27.8646699944537
ID2	10	2.05410470447051	1.1048837976822	67756815.5	0.726184384051273	2.19846604127279e-282	1.17051033159716e-280	80.048309178744	60.483638380477
ACTG1	10	3.78181707310469	1.08272094897535	78603419.5	0.84243297670817	0	0	99.8550724637681	96.8763172490294
S100A4	10	1.71818948465506	1.05168673977451	68344031	0.732477872359808	0	0	74.2995169082126	38.9217970049917
WDFY4	10	1.68650022039923	1.05110035952179	74395142.5	0.797330723619518	0	0	88.743961352657	62.5180255130338
PLAC8	10	2.74077591814329	1.04619795114939	64250812.5	0.688608759957237	1.23275764781514e-192	3.8367315689629e-191	94.5410628019324	65.655019412091
RNASE6	10	1.60342011463865	1.0111591427561	79212395	0.848959678045983	0	0	94.5893719806763	53.7504159733777
JAML	10	1.27476004978999	0.990020548807772	78425480.5	0.840525913600789	0	0	84.7342995169082	27.6472545757072
GM2A	10	2.15447672703315	0.966485166694247	79970972	0.857089735036346	0	0	98.695652173913	82.777592900721
TALDO1	10	2.2865322404084	0.961285522207924	80152785.5	0.859038323138301	0	0	99.0821256038647	86.7598447032723
HLA-DMB.1	10	2.28449940412852	0.955379820738782	76057158	0.815143392252847	0	0	97.7294685990338	80.1286744315031
CIITA	10	1.51524566041174	0.945984923173537	77204463	0.827439645679102	0	0	90.9661835748792	51.1769273433167
SYNGR2	10	1.9411768577932	0.943813545605925	78271726.5	0.838878053485736	0	0	97.2946859903382	79.363283416528
SUB1	10	2.25678013879757	0.94129477258676	80561625	0.863420064787351	0	0	99.3236714975845	87.2390460343871
KMO	10	1.03169786541549	0.939923286327499	80294629	0.860558532344107	0	0	79.0338164251208	8.88519134775374
OLFM1	10	1.06991358525497	0.937882063948537	81501936.5	0.873497863196337	0	0	83.4299516908213	17.3155851358846
FSCN1	11	2.97653913220405	2.72575388860977	74726989	0.953233121232438	0	0	93.3951332560834	25.3043880314406
CCR7	11	2.63994219542373	2.59365849758391	74255148	0.947214218622091	0	0	90.324449594438	5.2246857042207
TMEM123	11	3.01906415096101	2.56593901581451	76943955	0.981513203812055	0	0	98.0880648899189	52.2490587639534
CCL5	11	3.44351251778048	2.29624756191964	67472319	0.860691031417855	0	0	93.1054461181923	54.9131420771043
CYTIP	11	2.75660621329118	2.27780014471038	75112827.5	0.958154957941885	0	0	97.045191193511	39.1444109293467
STAT4	11	2.46420318283776	2.25815604443204	74063854.5	0.944774038674837	0	0	92.5260718424102	20.8525066602083
TBC1D4	11	2.422675484281	2.25611966986221	75262444	0.960063497349017	0	0	94.8435689455388	20.579493163654
SAMSN1	11	2.88232260445451	2.2462419284291	76196929	0.971983983711647	0	0	97.9721900347624	59.5763887359916
PCGF5	11	2.66733330433048	2.14126984097763	74795226.5	0.954103573072938	0	0	95.712630359212	55.0892798168167
SOCS2	11	2.15522758904221	2.05053476234935	74833347	0.954589846154246	0	0	92.8157589803013	14.5709945177129
TRAF1	11	2.25563984021883	2.03508426140693	75271219.5	0.960175439464809	0	0	94.7856315179606	25.7403289372289
CALM1	11	4.14139656301911	1.99695546196732	73213355	0.933924888938701	0	0	97.7404403244496	94.116999493604
RABGAP1L	11	2.48534313189061	1.9810027138209	71251339.5	0.908897008329575	0	0	91.4831981460023	41.4716308152976
MARCKSL1	11	2.34310303646095	1.91145726838053	70986014.5	0.905512467064424	0	0	90.8458864426419	36.0642022061252
RELB	11	2.38447769750018	1.90963891243268	74933879	0.955872253399957	0	0	95.7705677867903	52.1389726766331
SERPINB6	11	1.91147415281052	1.86812786558018	71711831	0.914771134341076	0	0	84.4727694090382	6.62938417842753
LSP1	11	2.68254766549286	1.86216728345037	72938638.5	0.930420547732753	0	0	96.0602549246813	60.0233382505119
SERPINB9	11	1.96195095466537	1.83742981510657	73138022.5	0.932963931792344	0	0	89.8030127462341	19.2056187938968
CACNB3	11	1.79173441326647	1.78776160641278	73713592.5	0.940306023249927	0	0	88.180764774044	0.603271758515159
TMTC2	11	2.03355089027455	1.70937032990395	70046383	0.893526330869999	0	0	87.5434530706837	41.2118276492217
BCL2A1	11	2.28218455990662	1.7064086366843	70599784.5	0.900585636298988	0	0	92.468134414832	47.7047050793721
GLIPR2	11	1.9230779070222	1.69861545952037	72684254.5	0.927175572154899	0	0	90.8458864426419	29.1397873136793
SPINT2	11	1.81458457013572	1.68362109448662	72345723.5	0.92285719982273	0	0	88.2966396292005	16.7022611682336
MREG	11	1.68325054724101	1.66981560412151	73332877	0.935449536601353	0	0	87.6013904982619	1.7415619014069
GADD45B	11	1.84574663661398	1.66188096615018	72049899.5	0.919083606926387	0	0	88.9339513325608	22.8670820581695
ITGA4	11	2.54454909518153	1.63887077525668	69620281	0.88809088452245	0	0	92.9316338354577	59.0347651863758
PHLPP1	11	1.96702897088953	1.60814507340743	69864290.5	0.891203520805645	0	0	88.0648899188876	38.8427750500892
CD83	11	2.198631484772	1.60448109973386	71110580	0.907101450669302	0	0	93.8586326767091	52.3833637904842
TUBA1A	11	1.9582121798704	1.60222676751195	71044902	0.906263648346819	0	0	89.9188876013905	43.0414584204848
CRIP1	11	2.49124305758151	1.5995530984189	67114891	0.856131604996219	0	0	91.135573580533	57.5309892335807
CCL8	12	1.74337688966095	1.69762073925136	50804137.5	0.76523231283957	0	0	55.6090846524432	4.75794449794275
APOE	12	4.04363873763745	1.66470770113979	50656020	0.763001307597192	2.0600465904803e-258	4.35983110292774e-255	99.4494150034412	78.7577694125886
LYZ	12	4.22761868460365	1.64099122400112	47591604.5	0.716843851217455	1.45341206694448e-175	9.46450757901423e-173	99.8623537508603	83.2071259739123
C1QA	12	3.88170793965813	1.23556201418222	44379756.5	0.668465707340312	1.13161940107118e-107	2.52098001046529e-105	97.7976600137646	75.8557296682133
C1QC	12	3.85070693768003	1.18558963302587	44215356.5	0.665989448546807	1.92602635111281e-104	3.79180838961523e-102	98.8300068823125	76.7333450056903
C1QB	12	3.61735227663416	1.08189266747648	43943718	0.661897920418585	1.62655164289628e-99	2.99338542020402e-97	98.2794218857536	76.3197058566051
MS4A7	12	1.40206728300313	0.996327589375935	51181858.5	0.770921698166466	0	0	76.4624913971094	25.4092620152324
FTL	12	3.80899228993611	0.82047795682028	49080101.5	0.739264190544439	2.1819343697188e-212	2.84171775490069e-209	99.9311768754302	96.896612098398
CD63	12	1.89986815755526	0.744794890525067	45844295.5	0.690525181654067	4.48519284920319e-143	1.76601860767114e-140	92.1541637990365	61.1835769937845
PLA2G7	12	1.4442539066856	0.726497836689092	48232564.5	0.726498248031841	5.07727829247708e-228	7.81485443362994e-225	91.3971094287681	43.578744638011
CTSB	12	3.47775896315084	0.721758910281637	46334295.5	0.697905758350038	5.62133859764745e-146	2.32133862918949e-143	99.9311768754302	94.456359975488
CSTB	12	2.24576764609317	0.720201912881834	45549450	0.686084100376084	3.93428897200104e-130	1.28098935740288e-127	95.3888506538197	80.6771426070209
MRC1	12	0.795538117143144	0.679946744745088	46403181	0.698943339403079	0	0	50.1720578114246	12.2537862207826
CYBB	12	2.1525581081479	0.67295328242111	43030382	0.64814088695493	8.10918119474478e-85	1.04806524281087e-82	97.3158981417756	69.4082115031078
TGFBI	12	1.56421117003908	0.668525152542067	45919928	0.691664388729492	7.12982839730274e-155	3.44900355984951e-152	90.020646937371	49.8796288190493
ARG1	12	1.03175253658391	0.658573123741742	43470512	0.654770301692068	2.28322457334939e-188	2.03459343428308e-185	48.9332415691672	18.2482710321282
FTH1	12	4.44643605939037	0.654071894632061	46702877	0.703457480859152	3.82930084259719e-154	1.80094146016703e-151	100	98.2841635297207
LGALS3	12	1.94263062019477	0.612460985297059	42106210.5	0.634220644840685	2.46519857574103e-72	2.25612308572278e-70	87.8183069511356	60.2074761446205
CCL2	12	1.63389433716413	0.606376290228952	43946132	0.661934281055614	3.05463111521423e-108	7.08465197420441e-106	85.1342050929112	53.7490151448831
FCER1G	12	3.60948150751234	0.603730466177545	46163559	0.695334056649933	2.86554214817654e-142	1.10264759342675e-139	99.9311768754302	93.729755755931
APOC2	12	1.26988914446693	0.602582724704281	45418642.5	0.684113825302292	1.79067493222974e-160	9.47434914924431e-158	76.8066070199587	39.0374682657796
LGMN	12	3.170919570898	0.600107700350543	39669234	0.597513926545729	7.55198632414473e-37	2.13104467423491e-35	99.4494150034412	90.6942134290467
DAB2	12	0.866045600721011	0.593559165349487	48422841.5	0.729364276586901	1.71417144046175e-303	5.80452733169159e-300	70.8878183069511	27.6022060754618
C3AR1	12	1.50532841575448	0.586314722002517	46623549	0.702262610679279	4.3506286737686e-159	2.23213618410837e-156	94.287680660702	64.0812396043071
GATM	12	1.6956456104683	0.571975916319102	44151049	0.665020823167468	2.46061810134643e-104	4.78858908895362e-102	93.6682725395733	71.2860019259389
AOAH	12	1.13390995570778	0.569135321822438	47283605.5	0.712204646642389	8.81090321774389e-200	9.94516015864146e-197	84.4459738472127	44.101812133415
APOBEC1	12	1.80222400006615	0.554719682583692	45471211	0.684905633151357	6.74572801452245e-129	2.1150355743311e-126	95.1823812801101	78.1318392716449
CLEC12A	12	1.16175344429178	0.550068464770496	46550031.5	0.701155260582858	6.97073916679171e-182	4.91756603470627e-179	85.6847900894701	42.9309288278036
CD74	12	4.32522843957968	0.5487729132962	40051312	0.603268938755613	4.30707245671873e-41	1.45265027419731e-39	99.1052993805919	94.7912107152237
SELENOP	12	1.79544577260567	0.545604104663848	43457925	0.65458071124539	4.85248053410613e-91	7.40156287594152e-89	96.4900206469374	75.3589249759258
PLXDC2	13	3.58991951624703	2.24953854094488	53210640	0.872614078610153	0	0	93.8392186326071	54.8369494041123
TANC2	13	3.27235248857647	2.05134600936554	51679435.5	0.84750348787245	0	0	92.3365890308039	48.2297987514733
LRMDA	13	3.76521911956736	1.62597700428284	52535980	0.861550167063982	0	0	94.2148760330578	83.8368184397782
NAV2	13	2.57155142853075	1.60132586425382	47251264	0.774884838793991	3.53110431830245e-297	1.41002658521648e-295	78.6626596543952	47.6862967651809
LDLRAD4	13	2.86094977672252	1.56255709921268	51390282	0.842761590105774	0	0	88.9556724267468	72.2246474876675
NAV3	13	2.350582544765	1.50868175611254	46815824.5	0.767743961742278	8.72081346312675e-306	3.70055370286213e-304	75.9579263711495	40.1558475575152
DOCK4	13	2.93626525004601	1.42635377372368	50942523	0.835418682611626	0	0	88.8054094665665	79.5870257999738
SLC9A9	13	2.62610956084431	1.39645691084969	48588344	0.796811935183511	6.05025036738197e-307	2.59991850178031e-305	83.1705484598047	70.3736848998123
SLC8A1	13	3.19380537987241	1.35327152381151	50474569.5	0.827744600656685	0	0	89.8572501878287	85.3472737591129
OPHN1	13	2.36936292670767	1.33673101711348	47451473.5	0.778168122520168	1.37266744081817e-280	4.81172514295908e-279	78.7377911344853	59.7502946697516
PLCL1	13	2.09923852068739	1.32441155601929	45713177.5	0.749661388483673	1.03248821324864e-243	2.71444999045228e-242	71.3749060856499	48.7492906098572
ZFHX3	13	2.48672611983874	1.24207934802606	47022565	0.771134348907681	2.6954347837172e-256	7.95059343608291e-255	83.2456799398948	70.6749028681189
DST	13	2.18032354597524	1.24003045017573	46806952	0.767598459481593	2.5145141228208e-266	7.88393307657017e-265	77.160030052592	55.2975073121753
ELMO1	13	3.04873736483919	1.20567974762284	50761773	0.832454519904529	0	0	91.2096168294515	91.6182826210329
EPB41L2	13	2.77726830383937	1.20427642058744	49919400.5	0.818640250748322	0	0	89.1059353869271	86.2509276640328
PDE3B	13	2.22164378127845	1.1901195961844	45518888.5	0.74647519646044	1.89628036179752e-219	4.08992647205016e-218	76.9346356123216	61.0643034880168
TMCC3	13	2.6117433209266	1.18598773984142	46396355	0.760864980560176	5.0843950848975e-237	1.24759265481739e-235	83.1705484598047	71.3493691884577
CSMD3	13	1.93386858827677	1.16909369576282	41301384.5	0.677311334364539	1.09376814189189e-150	1.29681991669269e-149	59.504132231405	33.3609813594098
MERTK	13	2.39425494653277	1.13732497690121	44958462	0.737284627545535	4.46174966302835e-201	8.06210069847738e-200	78.5123966942149	63.9324224036321
MEF2C	13	2.50394389314917	1.12558932445236	45551392	0.747008229171645	1.97272943104506e-212	3.93407326231141e-211	81.5927873779113	71.9954599030864
PAG1	13	2.28195997993771	1.12173397754434	45597300.5	0.747761093700766	5.30409815505511e-213	1.06655208863703e-211	77.610818933133	73.6718033788798
FRMD4A	13	2.21346181377141	1.07174649365968	45627048	0.748248930105355	9.95551123470768e-215	2.05557025261995e-213	77.9113448534936	71.740079451696
TGFBR1	13	2.72382126234456	1.04305709050024	45906692	0.752834879295195	8.46205926557667e-219	1.81816149017105e-217	85.1239669421488	83.138341991531
RAPGEF5	13	1.71062884371348	1.03661287624118	42909112.5	0.703676852377022	1.69420202117413e-177	2.53620993992035e-176	63.6363636363636	40.6709739380975
GAB2	13	2.62649222203786	0.957502613708866	47585261	0.780362135898734	4.79853557995766e-268	1.51574637881088e-266	84.9737039819684	85.8143798838783
CADM1	13	1.51777362170401	0.951100370361348	41365398.5	0.678361115341204	5.18600646788529e-136	5.25459458454613e-135	57.7761081893313	41.1861003186799
CACNB2	13	1.4743098603723	0.94045985286901	40637990.5	0.666432176661014	2.89207522465818e-128	2.68894704166324e-127	54.3200601051841	35.6965119832366
LARGE1	13	1.5489331382955	0.93679141444997	41757460.5	0.684790634341315	2.69957260148696e-138	2.80579887757985e-137	60.7062359128475	45.957567555769
ATP8A2	13	1.49169752299176	0.933694555440352	41888957	0.686947077060064	1.11962970094138e-154	1.37465195552128e-153	58.7528174305034	38.4009254812939
ATP8A1	13	2.13617985191525	0.927927623964396	45073800	0.739176083137852	1.97531157171219e-196	3.43720454477482e-195	76.7843726521412	81.1193085083162
TOP2A	14	2.2288594430844	2.10340836063793	56045337	0.984595412686087	0	0	99.3548387096774	13.46258577497
STMN1	14	2.15678107129815	1.91637670976096	55037615.5	0.966891924416133	0	0	99.5161290322581	21.2351595686744
MKI67	14	1.84378740620489	1.71803502830495	55634055.5	0.977370085836457	0	0	98.4677419354839	15.277202919072
CD81	14	3.03902621981027	1.50393424894288	43498248	0.764170183162281	5.14934200543436e-237	1.70280291980487e-235	99.4354838709677	58.8432632610827
CCL2	14	2.50718058795747	1.50043842167069	46342840	0.814143515183883	0	0	97.258064516129	53.5671495479795
SDK1	14	1.72050449530787	1.47734414525299	51983408.5	0.913236109988721	0	0	93.0645161290323	22.0760265766256
SPARC	14	2.68977433079938	1.47116047193687	44068630.5	0.774190570638521	1.29355981407516e-273	4.93271648921319e-272	98.9516129032258	48.2714301274371
HMGB2	14	2.40143190600604	1.47095068700633	53805523	0.945246722719782	0	0	99.9193548387097	73.3449515303344
C1QA	14	4.06883459919632	1.4220103674097	40127269	0.704949369490287	4.2302370590835e-136	7.70130576853148e-135	99.9193548387097	75.9002287332535
C1QC	14	4.06765940385127	1.40290132948179	41432424	0.727878121365653	1.52922041351718e-167	3.52261643826657e-166	99.8387096774194	76.8086265112733
TANC2	14	2.64088812102799	1.39875783607449	42408942	0.745033431596108	3.42266267342894e-219	1.0256478181208e-217	98.8709677419355	48.1407254111753
HEXB	14	4.12820551234068	1.36491511376935	41050178	0.72116288548229	3.27097520712103e-156	6.93127424677924e-155	99.9193548387097	91.8810587082017
PLXDC2	14	2.71726440187092	1.34885161415068	41902480	0.736135989121995	3.89614045024901e-194	1.03556599628204e-192	99.1129032258064	54.7718113495262
SMC2	14	1.51931969728415	1.34233390298793	55006234.5	0.966340628085352	0	0	98.7903225806452	22.4833896089751
SMC4	14	1.69407439857661	1.3258838537624	53914008.5	0.947152578431614	0	0	99.1935483870968	39.928112406056
DIAPH3	14	1.39757438546567	1.31826006311949	55357468	0.972511041386313	0	0	97.8225806451613	10.345278292125
KNL1	14	1.34638443825661	1.29891487769522	55529733	0.975537365035083	0	0	97.5	5.88824746759612
PRC1	14	1.33635463610598	1.28831664821252	54359792	0.95498403083507	0	0	93.7096774193548	5.71397451258033
UBE2C	14	1.37516070889289	1.26467097026915	51294641	0.901135953986318	0	0	86.7741935483871	10.3561703518135
KIF15	14	1.31191338653862	1.25443060008006	55069323	0.967448956646089	0	0	96.1290322580645	7.9315978651563
CENPF	14	1.28173240289673	1.23076662368912	52882373.5	0.92902898166269	0	0	89.0322580645161	5.1454089968413
CENPE	14	1.29565445862858	1.22875340822645	53543928.5	0.940651072867879	0	0	92.0161290322581	7.70286461169807
C1QB	14	3.75857141030862	1.22190645505758	39706663	0.697560231333293	1.64750230970503e-126	2.726672688721e-125	99.758064516129	76.3816577714846
TUBB	14	2.61600806386089	1.21233482351063	52059567	0.914574050194827	0	0	99.8387096774194	86.7944668336783
PCLAF	14	1.27294877714838	1.20137946593354	53716934	0.943690405500841	0	0	93.4677419354839	6.60712340703627
TUBA1B	14	2.22820321568441	1.19054672470183	52650296	0.92495188169115	0	0	99.758064516129	80.0631739461932
KIF11	14	1.22402852423107	1.18878052723487	55039371	0.966922764756106	0	0	95.4838709677419	4.52456159459754
BIRC5	14	1.19864169708574	1.12698894127343	53230281.5	0.935140973117694	0	0	91.9354838709677	7.01012961551029
TPX2	14	1.19020646766612	1.1260210974553	54081220.5	0.950090131793922	0	0	94.0322580645161	7.87278074283847
NAV3	14	1.97871126280185	1.12377462991803	43905332.5	0.771321777794955	3.24638310859652e-293	1.32444608220838e-291	97.5	39.6449188541553
LYZ	15	4.79633915295446	2.20501900804649	36855742.5	0.813828182570477	6.13480226294424e-250	5.73858216098945e-248	99.796126401631	83.3788233255351
KLF2	15	2.40255386855527	2.01577140121495	42810889	0.945326443744728	0	0	97.0438328236493	33.7015856511567
ADGRE4P	15	1.98665918717951	1.91372882021108	41903443	0.925288721564504	0	0	87.3598369011213	7.34121826531496
GSR	15	2.13250112953843	1.79709756202935	43624664.5	0.963295785596554	0	0	97.6554536187564	38.0079715795858
CYTIP	15	2.2674112586653	1.74145023474491	42233212	0.93257049877841	0	0	99.0825688073395	40.0355255177194
S100A4	15	2.35403714081456	1.6762372746074	39139771.5	0.864262851469313	0	0	93.4760448521916	39.348843254484
CEBPB	15	3.34221716813131	1.66217798525238	40870246	0.902474235144993	0	0	99.796126401631	84.9731392426999
ITGA4	15	2.53452749414425	1.60218792480029	41218293.5	0.910159628116609	0	0	98.9806320081549	59.4532536175375
PLAC8	15	3.30356658751752	1.59626849397163	34996961.5	0.772783605513685	1.52118276757044e-195	9.79283096491827e-194	97.3496432212029	66.2767524477948
NEDD9	15	2.12566035587989	1.58510737379017	41794015.5	0.922872403850969	0	0	97.1457696228338	46.6120786760246
NR4A1	15	1.6530319516047	1.58061078708213	42202323	0.931888424913492	0	0	89.0927624872579	9.04384368772203
NAPSA	15	2.15980388378663	1.57399579880453	42142422.5	0.930565735103347	0	0	98.8786952089704	45.2885365219652
RAP1GAP2	15	1.84489279976288	1.53417648658171	41828062	0.923624199889752	0	0	93.3741080530071	37.4274326314877
GPX1	15	3.3760609301284	1.52421185326029	43097538	0.951656068896239	0	0	99.8980632008155	91.1316177107703
CYBB	15	2.97659910435647	1.5076248623741	39649751	0.875523937570975	0	0	99.8980632008155	69.6386794905121
CLEC4A	15	2.02831196911762	1.49236463287228	42208208.5	0.932018385279058	0	0	98.6748216106014	47.0886404990902
FGR	15	1.98322479597916	1.48228693626108	41995308.5	0.92731724487823	0	0	97.3496432212029	45.4596655402478
CD300A	15	2.22746426001038	1.47070905035803	42825921	0.945658372079651	0	0	99.2864424057085	65.4492678277446
LSP1	15	2.32529790361508	1.46727397589689	40979037.5	0.904876509057236	0	0	99.184505606524	60.5385148600641
STK10	15	2.01806641320362	1.46283294798822	41654857.5	0.919799593630686	0	0	96.2283384301733	58.3008404817607
ZFYVE9	15	1.59150104550948	1.44395239187378	42355597.5	0.935272947902532	0	0	91.8450560652395	19.3700719175115
GNGT2	15	2.2746088748876	1.41167593897674	39447657	0.871061409303409	0	0	93.6799184505606	72.465557577333
ITGAL	15	1.85327073786397	1.41056799190919	40870948.5	0.902489747362614	0	0	93.0682976554536	46.6835629494844
IFITM3	15	3.57213474476694	1.40391691919521	36542207	0.806904864551953	2.05182763507581e-239	1.79069555100353e-237	99.8980632008155	81.9469716662334
SMPDL3A	15	1.98299024834306	1.38303925260719	41229376.5	0.910404356811124	0	0	96.7380224260958	53.3684256130318
S100A6	15	2.61089679224627	1.36674967612124	35564684.5	0.785319751740923	2.18301764440573e-221	1.64269652166371e-219	95.3109072375127	58.0452300493891
LDLRAD3	15	1.57920173615531	1.36061912284925	40957222	0.904394791215929	0	0	89.2966360856269	24.1291915778529
GPR141	15	1.9693304934565	1.3467147703962	38557591	0.851407462699355	0	0	95.2089704383282	39.4853132310892
GRK5	15	1.54285801965646	1.34598864219895	40773034	0.90032765336648	0	0	87.6656472986748	24.1530196690062
CD44	15	1.94728058486701	1.33520560001181	40822096	0.901411013396285	0	0	95.3109072375127	55.0493891343904
LY6D	16	3.09417985939509	2.94983746426156	35298652	0.935970243388603	0	0	90.5405405405405	5.83626513565431
RUNX2	16	2.82373498139649	2.59653626065535	37064727.5	0.982799060409084	0	0	97.9115479115479	25.7559733223975
MCTP2	16	2.4595882087618	2.37585802225975	36612084.5	0.970796891632833	0	0	95.3316953316953	10.5264293885304
TCF4	16	3.42281672329774	2.27836407537134	37132416	0.984593871775241	0	0	99.2628992628993	79.2838488269193
RNASE6	16	2.87332492472867	2.27596340746854	36323456	0.963143690388947	0	0	96.3144963144963	54.8272215147525
BCL11A	16	2.40796115239613	2.26260685171077	36898488.5	0.978391108590111	0	0	98.2800982800983	12.7063952860935
RABGAP1L	16	2.76725433064841	2.22887193724434	35443286.5	0.939805335679588	0	0	95.4545454545455	42.3863072241048
CCR9	16	2.03927375673576	2.02799543804518	36372704	0.964449538061159	0	0	93.1203931203931	1.69432993028426
PLAC8	16	3.70793962816522	2.00199231091586	31531152.5	0.836072167281293	1.29404354232001e-246	7.45219429082313e-245	97.2972972972973	66.3896743001446
GRM8	16	1.96802689254091	1.96661778994811	34971248	0.927288880667828	0	0	85.5036855036855	0.174828948220414
COX6A2	16	2.07973033182066	1.93177079838504	34240701	0.907917878812097	0	0	85.995085995086	16.2051326325786
RELL1	16	2.09618221065001	1.8711328683974	36408346.5	0.965394625692267	0	0	95.8230958230958	29.5827847445555
IRF8	16	3.36305023191042	1.74003461700283	35331505.5	0.936841378592042	0	0	97.6658476658477	91.4010058060478
BST2	16	3.7181683437403	1.71133650380558	35561261	0.942933518066798	0	0	96.8058968058968	90.8851524896937
ATP1B1	16	1.72440294566831	1.69876901827035	35601928.5	0.94401184734331	0	0	89.6805896805897	3.34765060110941
PRKCA	16	2.30927239191956	1.68832153073696	34400835	0.912163951975309	0	0	94.7174447174447	47.5448403876454
CYB561A3	16	2.10627797192164	1.67901777470686	36448363	0.966455693215314	0	0	97.1744471744472	49.2370119358529
ST8SIA4	16	2.06058241952308	1.65853331810603	35019020	0.928555591092553	0	0	94.963144963145	38.7041074010921
PLEKHM3	16	2.32200894690137	1.6316167182493	35469304	0.940495209213778	0	0	96.4373464373464	64.952191836999
CARD11	16	1.852352779542	1.62234676910305	35626363	0.944659746444728	0	0	94.5945945945946	27.174030346852
TEX2	16	1.81527269932217	1.61833684873904	36179637.5	0.95933023495023	0	0	95.4545454545455	28.7064816213766
DNAJC7	16	2.58864361446573	1.57780496637565	35767325.5	0.948397472900505	0	0	96.5601965601966	82.1739224277482
FYN	16	2.07105081248756	1.53087858259933	34501677	0.914837853270005	0	0	96.0687960687961	47.1110055902096
CD300C	16	1.49977576827739	1.48735959252158	35899096	0.951891466579257	0	0	90.7862407862408	1.86052535019749
AFF3	16	1.72529558316693	1.48176047158327	34324708	0.91014538745	0	0	93.4889434889435	17.3490751332801
TSPAN13	16	2.09612942114006	1.4482412010301	35137125.5	0.931687247043056	0	0	96.4373464373464	59.8627268999158
PACSIN1	16	1.52849499506451	1.41727474663459	35413198	0.939007516525809	0	0	91.2776412776413	16.0562042692797
ABHD17B	16	1.79097186426199	1.41191165829381	34836476.5	0.923715313222339	0	0	94.7174447174447	45.5548121128402
P2RY14	16	1.72861976140786	1.40961386235757	34498790.5	0.914761315556679	0	0	92.6289926289926	35.0456497809242
KMO	16	1.51742744453615	1.40870611769345	35267822	0.935152762805954	0	0	91.8918918918919	10.5609635017591
TANC2	2	3.37127590401009	2.29500978301826	161674626.5	0.903543020701268	0	0	100	44.5814527011307
P2RY12	2	3.35862297607464	2.2360845880156	164613723.5	0.919968607319302	0	0	99.975978861398	57.6915918291378
PLXDC2	2	3.42966096655029	2.22197592921213	160215861.5	0.895390492607484	0	0	100	51.6704667069936
HEXB	2	4.66543432505211	2.04699829400359	162005868.5	0.905394216549016	0	0	100	91.3266018333256
CSMD3	2	2.59876956844775	1.97542262546737	154686945.5	0.864491312123875	0	0	92.9858275282248	28.3956074635894
SPARC	2	3.05463494047861	1.9714060515469	156582240.5	0.875083453924308	0	0	99.9519577227961	44.7280256851705
NAV2	2	2.80992346536539	1.96829353732944	160270607.5	0.895696448880785	0	0	99.6156617823685	43.6159322507096
CD81	2	3.28315736227571	1.87398595712754	152034184.5	0.84966595740355	0	0	100	56.0281047880508
GPR34	2	2.39940966432444	1.77922015686844	162831874.5	0.910010475590489	0	0	99.5195772279606	39.6235633521009
RHOB	2	2.62251932969911	1.75586799482676	162983903	0.910860109779208	0	0	99.6396829209705	58.5151924061235
CX3CR1	2	3.08290358012088	1.7435187844915	161913936	0.904880437915047	0	0	99.9279365841941	67.5887580847797
MERTK	2	2.8052270911919	1.6630377425831	158715484	0.887005406784866	0	0	99.8078308911843	60.9092178121074
CST3	2	5.13606821069503	1.65059032110972	158945821	0.888292679829899	0	0	100	96.5357591549951
NAV3	2	2.38378381638576	1.64450281338934	151856274	0.848671677756431	0	0	96.3247657938986	35.8242985435764
C1QA	2	4.17665691391081	1.63697987397415	135086325	0.754950289901756	0	0	100	74.2589921362431
ZFHX3	2	2.77055732238401	1.63523906040814	161036016	0.899974049659163	0	0	99.9039154455921	68.2332139034945
C1QC	2	4.14293639366304	1.58087383589728	137658664.5	0.769326196946757	0	0	100	75.2268391419664
PDE3B	2	2.47155360480862	1.54264896491374	158408120.5	0.885287659533764	0	0	99.7117463367764	57.8125727048532
ARHGAP5	2	2.40366353405345	1.50375654504388	159643018	0.892189070358464	0	0	99.4715349507567	59.0898515657717
RAPGEF5	2	2.07180603293728	1.50107209757734	158611150.5	0.886422323293095	0	0	98.8229642085035	35.7498487739054
MEF2C	2	2.74470768750753	1.46383505643026	154243518	0.862013150698761	0	0	99.9279365841941	69.5872690893863
GLUL	2	2.29300087317919	1.45237149665971	155394273	0.868444318478741	0	0	97.9341820802306	61.3931413149691
C1QB	2	3.87197406729721	1.4293886762632	135005116	0.754496441163976	0	0	100	74.7685077474292
OPHN1	2	2.36604859457369	1.42117027196455	154864395.5	0.865483018197329	0	0	99.5676195051645	56.4817830719836
SLCO2B1	2	1.97321525679057	1.41031196225651	158947224	0.888300520706884	0	0	98.8229642085035	37.1364757340282
TGFBR1	2	2.98438266559154	1.39758003118182	155274110.5	0.867772772234439	0	0	100	81.5667023405146
DST	2	2.24860618088431	1.39662974889812	154392344.5	0.862844890027816	0	0	99.2553447033389	51.716997813038
OLFML3	2	2.28786033581681	1.38938772459847	155129699	0.866965706798391	0	0	99.3033869805429	55.2603415383184
CFH	2	1.98478055378201	1.37735327042218	158744595.5	0.887168100790824	0	0	98.5587316838818	43.5135638174119
FRMD4A	2	2.4258919218999	1.37536669555261	159286174	0.890194793874521	0	0	99.8078308911843	69.2126936857289
SKAP1	3	1.96883817566575	1.7831801984761	156872870	0.95886329828906	0	0	98.8335100742312	12.6760888110115
CD3G	3	1.63148622177013	1.4623094349785	146001826	0.892415574691694	0	0	86.5323435843054	12.0996933576188
C1QA	3	3.84286155621669	1.25939840003384	108020114.5	0.660257718693053	1.29565327551798e-237	3.17923269678187e-236	98.3297985153765	74.6362944689092
GIMAP4	3	1.36459822101568	1.20802817184718	151384279	0.925315059710779	0	0	94.7507953340403	13.6121550273211
NKG7	3	1.32168187275796	1.20495926147546	138623855.5	0.847318770328331	0	0	76.0074231177094	9.89094598021811
CD81	3	2.62294800432039	1.13946681641695	111872378	0.683804136155095	0	0	96.7921527041357	56.7034791229567
C1QC	3	3.71698200623574	1.10362436583305	102543599.5	0.626783292962017	2.78568969819857e-149	3.88825327948887e-148	98.3828207847296	75.5908053397275
CD3D	3	1.22270100957758	1.1028077296436	144659585.5	0.884211318895729	0	0	84.4114528101803	10.9584303599013
CD3E	3	1.18738445425009	1.07819432539461	145481627.5	0.889235934710128	0	0	84.8356309650053	10.5019251608143
ETS1	3	1.46203487574494	1.06459241924721	143620947	0.877862787515893	0	0	97.322375397667	35.1555114933253
PTPN22	3	1.31758106411941	1.05478778701402	146934962.5	0.898119239972657	0	0	94.8568398727466	27.6623705992207
ITK	3	1.13653109494961	1.04071267354415	150007277.5	0.916898332203729	0	0	90.3499469777306	10.1076706706938
INPP4B	3	2.05979544825707	1.00904741212898	126050886.5	0.770468270145437	0	0	95.1219512195122	61.2846701865216
C1QB	3	3.44934987424407	0.957124628263085	98903528.5	0.604533872236392	3.49044246638971e-102	3.09244800619802e-101	98.3297985153765	75.1412168860812
CD247	3	1.05003406013789	0.954917373331913	149224875	0.912116007243781	0	0	90.1908801696713	10.294422797593
ABLIM1	3	1.1647326247727	0.95115695018131	145452802.5	0.889059745962047	0	0	93.7433722163309	19.1432457980771
GIMAP6	3	1.18555728949912	0.949963552165505	143304831	0.875930573039279	0	0	91.6755037115589	20.395176722846
THEMIS	3	1.04091869318635	0.943565748194375	134895308	0.82452854947193	0	0	71.6861081654295	8.43612385585502
BCL11B	3	1.01920078412921	0.923095492095343	142842448	0.873104322149289	0	0	82.0784729586426	9.5381919627418
LTB	3	1.14390921658598	0.922568715180883	139384879	0.851970419165287	0	0	86.4528101802757	19.1086620708736
LCK	3	1.01508315062926	0.920943689830891	149407433	0.913231867277508	0	0	90.2439024390244	10.9307633781385
PRKCQ	3	1.02439339895652	0.913225041123081	147857043	0.903755327012551	0	0	89.7401908801697	13.2916791552348
HEXB	3	3.63832818054523	0.912114944552732	102520319.5	0.626640997244573	2.49026412023045e-147	3.4222939788654e-146	99.3637327677625	91.4601249625343
GRAP2	3	1.08596991625727	0.8585216009076	139086724	0.850147988768614	0	0	87.6193001060445	22.1036128467019
CTSW	3	0.94164488829758	0.858037727618566	139524741.5	0.852825308975469	0	0	77.3064687168611	9.33760634496115
SPARC	3	2.04659163684532	0.857924823226371	108427725	0.662749180399894	4.88431774522682e-277	1.4820140455992e-275	91.6755037115589	45.945634380836
SHISA5	3	2.19518812582625	0.857069853335905	135894098.5	0.830633515570464	0	0	99.4167550371156	85.6200862287598
ATXN1	3	1.43003741962472	0.856425060781832	131174648.5	0.801786542903296	0	0	93.2131495227996	46.1577479076845
PRKCH	3	1.39148118645346	0.853144213154131	135663262.5	0.829222563069093	0	0	94.9628844114528	52.4312360224103
CCND2	3	1.1996403713147	0.843934608463871	134550875.5	0.822423254381785	0	0	89.7401908801697	26.8761672007931
CSMD3	4	3.24625176277216	2.61670134966819	124640297	0.932172099261074	0	0	97.2616298251402	29.7592600988348
P2RY12	4	3.74969680162923	2.59664875703535	129476182.5	0.968339194869978	0	0	100	58.7749920660108
TANC2	4	3.55527891970951	2.43276358228317	124821957.5	0.933530719656835	0	0	100	46.0035362923335
PLXDC2	4	3.6445171552503	2.39457687821685	124546115	0.931467721665981	0	0	100	52.9106406129573
NAV2	4	3.15102407616202	2.28232264400192	125618070.5	0.939484767780284	0	0	99.9670075882547	45.0287890465612
GPR34	4	2.76952838533436	2.12911293205177	127339879	0.952361998359818	0	0	99.8350379412735	41.1388674797117
NAV3	4	2.87360633788713	2.12578099245779	122777530	0.9182406544024	0	0	99.0762124711316	37.1877408532439
RHOB	4	2.95067234328842	2.06151090309905	127688201	0.954967063156469	0	0	99.8350379412735	59.5570567166886
CX3CR1	4	3.39265382628746	2.02981139208726	128338900	0.95983357476962	0	0	100	68.413655528857
HEXB	4	4.68025771764732	2.0103125882206	120548316.5	0.901568593455722	0	0	100	91.54916806456
SPARC	4	3.13827006919088	2.01019977899825	118488272.5	0.886161733986748	0	0	99.9010227647641	46.1486149521694
ZFHX3	4	3.0585763829346	1.90108591159542	126942389.5	0.949389214833401	0	0	100	69.0393072493993
MERTK	4	3.0086158571458	1.83772615547453	123041469.5	0.92021463106737	0	0	100	61.8941832524822
PDE3B	4	2.76292138882629	1.81445055962812	124744758	0.932953352451292	0	0	100	58.8679330824681
RAPGEF5	4	2.38605385638451	1.79839267657635	124672710	0.93241451279009	0	0	99.7030682942923	37.3078841184205
GLUL	4	2.57923223247183	1.7210003423693	121264575	0.906925417898772	0	0	99.340151765094	62.2342113614725
CST3	4	5.23933356033475	1.71859541394348	120841742	0.903763092914526	0	0	99.9670075882547	96.6269211588158
TGFBR1	4	3.29931570535418	1.69828859454747	124507308	0.931177488061547	0	0	100	82.0397152831301
ARHGAP5	4	2.56401589925005	1.63653887827605	122698830	0.917652065110032	0	0	99.9340151765094	60.0943011288933
ST3GAL6	4	2.18216350323878	1.61598422369163	124933812.5	0.934367271820721	0	0	99.7030682942923	44.0631092170286
NUMB	4	2.50724567002239	1.60543598609056	125399528.5	0.937850314398673	0	0	99.9670075882547	67.2734279367094
MAML3	4	2.5982631816965	1.60283962917644	124618695.5	0.932010543840501	0	0	99.8020455295282	67.8333408895135
MEF2C	4	2.901154568465	1.59346798291303	119363905	0.892710500359683	0	0	100	70.3608831663418
SLCO2B1	4	2.17694310267719	1.59184789536279	123054395.5	0.920311303306165	0	0	99.6370834708017	38.663462846262
CFH	4	2.214291520153	1.58728958559293	123631292.5	0.924625857270582	0	0	99.6370834708017	44.8519744298862
CD81	4	3.05176500062375	1.57860705261764	103027658.5	0.770533374979828	0	0	99.8680303530188	57.1655256834565
AGMO	4	1.935430964259	1.57825985593844	123531358	0.923878457313298	0	0	96.9976905311778	28.5419594686494
ABCA9	4	2.03627152502857	1.56669590545882	125906757	0.941643824740276	0	0	99.4391290003299	41.0368590470146
LDLRAD4	4	2.79610486308197	1.55347231014522	120939711	0.904495793097297	0	0	99.9340151765094	70.8255882486286
PAG1	4	2.64012989909033	1.54774088238805	123192596	0.921344890783929	0	0	100	71.9816838191957
GPNMB	5	2.77151114708641	2.59385099087498	124882075	0.938306409415896	0	0	91.2135278514589	12.1711346280224
APOE	5	4.71132647100878	2.43699069705343	118136471	0.887623046983125	0	0	99.7347480106101	78.0053932787962
LYZ	5	4.68555492791402	2.18834723646415	108390825	0.814398750336081	0	0	99.7679045092838	82.6236715085318
LGALS3	5	3.24353629599536	2.02396984807751	121157028	0.910318121461236	0	0	98.2427055702918	58.5170749393823
APOC2	5	2.32932762385935	1.75577141943266	116981039	0.878941662955479	0	0	93.4350132625995	36.5632577216796
CSTB	5	3.15701169118787	1.71923375352685	120946925	0.908739504261469	0	0	99.7347480106101	79.8590496045684
FTL	5	4.56506124466687	1.65728091898329	125416925	0.942325026043431	0	0	99.9668435013263	96.7866935575245
MS4A7	5	1.90768987109718	1.57179580614696	117570310	0.883369173918785	0	0	90.0198938992042	22.6744317795554
CTSB	5	4.19638888973588	1.51506755234518	120203350	0.903152624091666	0	0	99.9668435013263	94.2600104239842
FTH1	5	5.20797858865793	1.49082860594727	120046418	0.901973509303235	0	0	100	98.2233905141744
SPP1	5	1.50299376484895	1.34115314971607	97553609	0.73297289932404	0	0	55.7692307692308	13.6463550046455
CD63	5	2.42691487022871	1.33424245749645	106357628.5	0.799122248023383	0	0	91.7440318302387	60.1146638265086
PLA2G7	5	1.97528602016985	1.31955512574979	112784932.5	0.847414050817855	0	0	94.3965517241379	41.6800743275397
CTSD	5	3.49232247994749	1.31552961506632	105231355.5	0.790659951295433	0	0	99.8010610079576	83.7680436900904
CD68	5	2.50376350727277	1.27721606354718	122069282	0.917172377968547	0	0	99.3700265251989	82.3925309886922
PSAP	5	4.16038319349113	1.17906882815367	121492544	0.912839034196403	0	0	99.9668435013263	96.2428335108432
IL18BP	5	1.72457671686261	1.13742168356981	113468595	0.852550776049457	0	0	93.0371352785146	52.5890004305559
ARG1	5	1.41364427560512	1.08989121000165	97053648	0.729216422577814	0	0	60.3116710875332	16.3837839062748
MGST1	5	1.49210737139558	1.07499117586676	110070869	0.827021827373363	0	0	86.4389920424403	31.9676403272225
PRDX1	5	2.75062603488136	1.06891068970258	114530541	0.860529749318868	0	0	99.6352785145888	89.9589838881461
MSRB1	5	1.78530992691242	1.0266131838012	107365942.5	0.806698255139727	0	0	93.8328912466843	53.0762083890412
SYNGR1	5	1.68176397932277	0.997326522440983	105010291	0.788998974431906	0	0	86.8700265251989	51.9567631262888
C3AR1	5	1.86561454914849	0.991991253746955	109766425.5	0.824734379095818	0	0	96.0875331564987	62.8883500645834
ANXA5	5	1.86981134643145	0.986622799087163	112011718.5	0.841604476849372	0	0	97.4801061007958	66.2217589340343
MYOF	5	1.37462248573534	0.970621747454777	111273383.5	0.836056967626803	0	0	89.2241379310345	34.5691042171814
APOBEC1	5	2.17210802192048	0.969531010150608	107588403	0.808369720904464	0	0	96.6180371352785	77.4298080627252
TGFBI	5	1.81310944204715	0.958112812521761	99547120	0.747951223062984	0	0	90.4840848806366	48.4262049899159
LGALS1	5	1.63075624253534	0.941540194628596	104981525.5	0.788782843710022	0	0	90.0198938992042	50.3251829862449
CAPG	5	1.69613339171394	0.925644038362744	107962862	0.81118323341027	0	0	95.4575596816976	59.1221192413152
ARHGAP24	5	1.67384853757171	0.921474224772059	105006419	0.788969882006774	0	0	90.9814323607427	56.1286229010401
LYZ	6	4.04697968758147	1.49511732335558	83453266.5	0.697619798532613	1.07725585911504e-261	4.22199512747147e-260	97.1757710888146	82.9059252260764
SKAP1	6	1.69310787361716	1.44739662703971	110471024	0.923472222702888	0	0	98.9966555183946	14.7613263148423
CD3G	6	1.57850850577633	1.37056536425957	108463379	0.906689501556496	0	0	93.0880713489409	13.5128447383812
PLAC8	6	2.81553809013854	1.14010067140808	84409810	0.705615934714505	2.05624366404409e-292	9.23455211563145e-291	96.4325529542921	65.1369955459576
S100A10	6	1.94502972211286	1.08286534245463	97980026	0.819054889820762	0	0	98.9966555183946	55.4055877986233
S100A6	6	2.28428644992418	1.07294253519787	88377741.5	0.738785488043148	0	0	98.1791155704199	56.4381158051019
TMSB10	6	3.16291988644992	0.998999162860456	91228387	0.762615193251845	0	0	99.8885172798216	88.6241957979035
CD3D	6	1.12331183507477	0.970584807349098	106471296	0.890036869497807	0	0	89.9665551839465	12.4083322085752
ARHGAP15	6	2.39376616967835	0.941024642572237	88238624	0.737622548275866	0	0	99.7770345596433	69.8947226346336
IFITM3	6	3.05674819309653	0.911335800585464	81182406.5	0.678636756140908	1.76430653701071e-214	5.07155755146491e-213	99.6283909327388	81.2727763530841
CD3E	6	1.04255795612513	0.898382085329528	106416868	0.889581883707712	0	0	90.1895206243032	11.9854231340262
CCR2	6	1.6679758982873	0.886681340970863	88296534.5	0.738106645699937	0	0	90.6354515050167	41.0446753947901
GIMAP4	6	1.06878604119812	0.864933204661646	105324028.5	0.880446393824659	0	0	93.9799331103679	15.6318891438341
VIM	6	2.19387354404574	0.862752658290421	83669196.5	0.699424845230182	5.6805566230974e-277	2.38653856540104e-275	99.2939427722036	63.0584424348765
S100A11	6	1.89931610595722	0.853321710358222	88645454.5	0.741023409899982	0	0	98.9594946116685	59.9743555135646
IFI16.6	6	1.96939738605742	0.851129874815139	88116197.5	0.736599135366498	0	0	99.4797473058343	61.1373554685743
NKG7	6	1.01334529615448	0.848656367121157	96429734.5	0.806095372605258	0	0	72.8353771832033	11.6907364916543
ID2	6	1.78616850934382	0.836162893356661	88360952.5	0.738645141963374	0	0	93.719806763285	59.3827327124668
APOE	6	3.20940138151143	0.826330681736587	75372082	0.630065890348625	5.06557594306531e-115	5.89047158599168e-114	93.4968413229283	78.5418634993476
THEMIS	6	0.949500702676718	0.823668871954333	99214506	0.829374410254304	0	0	75.733927907841	9.72915823098034
FXYD5	6	2.13609516620035	0.823082296617197	88285883.5	0.738017609658739	0	0	99.7770345596433	71.6313492599091
BCL11B	6	0.941728443623626	0.818486239382632	105088611.5	0.87847844736793	0	0	86.9565217391304	11.0068835200432
LTB	6	1.06580496993227	0.817302113984142	101847782.5	0.851387039579133	0	0	90.6726124117428	20.4908444684393
LGALS1	6	1.51703633350995	0.814052776752674	92581261.5	0.773924421466776	0	0	96.3582311408398	50.2317001844603
S100A4	6	1.46977789503458	0.802929216778663	87909538	0.734871584549121	0	0	85.5072463768116	37.7491339362037
CCL5	6	1.98726736139609	0.801695913013145	81873321	0.684412391469613	1.16958506328539e-247	4.16013544253887e-246	88.7774061687105	54.3460655958969
LGALS3	6	2.10066045887241	0.797113512499458	80910990	0.676367875221209	6.77505802171632e-221	2.04471492630444e-219	98.7365291713118	58.7776128132451
CCND2	6	1.16403281586071	0.785649380731208	97916988.5	0.818527933718331	0	0	92.9394277220364	28.211184595312
PTPN22	6	1.08142382581341	0.77868533059394	101686824	0.850041522009223	0	0	94.3887030843553	29.324695190534
CD247	6	0.903486694986192	0.776277853589067	106493843.5	0.890225353221298	0	0	90.6354515050167	12.2103747694246
C1QA	7	4.85498825126325	2.28367474098804	96357363.5	0.922420455189233	0	0	99.9570999571	75.3135180970232
C1QC	7	4.72126075508574	2.12465348404093	97773736	0.935979262930662	0	0	99.9570999571	76.2417994376757
CD81	7	3.54531502277306	2.07317104729334	92518963	0.885675789210399	0	0	99.3135993135993	57.8613826036506
C1QB	7	4.49429247681313	2.02564344847086	97581764	0.934141532079676	0	0	99.9570999571	75.802204668184
HEXB	7	4.41132870560602	1.69599391360013	84693319	0.810761596475882	0	0	99.8712998712999	91.6878653992056
CST7	7	2.05079295199803	1.60306786123236	88064405	0.843032702384691	0	0	83.2260832260832	33.9023519435891
SPARC	7	2.72835126709849	1.54755949315132	82681398.5	0.791501660794739	0	0	94.3371943371943	47.2776364528942
CTSD	7	3.65305964160593	1.46451912057948	84971938	0.813428791337481	0	0	98.9274989274989	84.0585531307181
CD9	7	2.99355275791151	1.43367920766308	88630116.5	0.848448208168385	0	0	98.2410982410982	75.0524389699647
TIMP2	7	2.15466755344235	1.30541890830623	85422497	0.817741952498948	0	0	88.8030888030888	59.7067880573035
CD63	7	2.41172417941988	1.29786719080374	81795226.5	0.783018415198091	0	0	88.6314886314886	60.7600303476592
CTSB	7	3.9804144485046	1.26470078514731	86489073.5	0.827952194299764	0	0	99.8283998283998	94.354442808051
LGMN	7	3.74951995593878	1.22056134683725	84740831.5	0.811216429404942	0	0	99.6138996138996	90.5141250502075
CCL2	7	2.14186709453599	1.15265142811259	76367636	0.731060574948646	0	0	82.8399828399828	53.2534475833445
GRN	7	2.99043256389733	1.14565840003041	89728084.5	0.858958958001668	0	0	98.4984984984985	89.4474940866693
LY86	7	3.68947168715072	1.09057494320008	87053126.5	0.833351823410734	0	0	99.3135993135993	96.4988619627795
AIF1	7	2.73774758910112	1.0596304739934	90129746	0.862804027752481	0	0	98.2410982410982	86.0601597715
CTSZ	7	3.06932191057024	1.05731269204644	91920681	0.879948488932289	0	0	98.9274989274989	93.885839246664
TREM2	7	2.44663005062738	1.04678506239327	81869553.5	0.783729940946436	0	0	96.0960960960961	71.5914669522917
ITM2B	7	4.47722342391191	1.02071445622179	92237679.5	0.882983087327712	0	0	99.9570999571	98.3219529611282
CST3	7	4.59244712977743	1.0112165243468	76702752	0.73426861055727	0	0	100	96.6773776052127
OLFML3	7	1.96908240577389	0.99723027774396	78840829.5	0.754736235958622	0	0	89.7039897039897	57.5601374570447
SERPINE2	7	1.66896989430614	0.982657457692449	79023980	0.756489519376117	0	0	82.6683826683827	43.4239300218682
TUBB	7	2.36545415515428	0.978262731451827	83664206.5	0.800909994208963	0	0	93.6507936507936	86.7987682420672
STMN1	7	1.19698766236843	0.953313977720913	73153233.5	0.700289386224585	0	0	53.968253968254	21.6985763377516
LAP3	7	1.5851975114387	0.930412006119852	83787288.5	0.802088247228159	0	0	85.8858858858859	58.4482527781497
PDIA3	7	2.95313932435689	0.92738636745727	87683950.5	0.839390645355299	0	0	98.1981981981982	94.2205560762262
CD74	7	4.63846218794576	0.889051122886792	72350849	0.692608230899836	1.54111690654111e-216	3.38865588891527e-215	99.3993993993994	94.6913910831437
CTSS	7	5.033482834546	0.862885202358883	85353491.5	0.817081368995949	0	0	99.9570999571	98.928906145401
SYNGR1	7	1.56391543897833	0.858103554118343	78441745.5	0.750915840385649	0	0	81.5100815100815	52.7692239032445
IGKC	8	3.70023715085904	3.65746800693482	99216897.5	0.955626174126813	0	0	91.6234887737478	4.94992081018983
EBF1	8	3.0748542806683	3.0684447734359	103095990	0.992988381757414	0	0	98.6614853195164	0.597827299292868
LY6D	8	2.71397215872557	2.64882168927787	100229906.5	0.965383160481139	0	0	95.4231433506045	2.74599031876687
BANK1	8	2.79181360334117	2.53521986718192	99863806.5	0.961856999603675	0	0	95.8549222797927	22.5434428606482
CD79A	8	2.53855285444266	2.53361187731316	102784497.5	0.989988183267593	0	0	98.0569948186529	0.593365901536952
IGHM	8	3.12719364982201	2.43466403791036	100039379	0.963548059097416	0	0	97.5820379965458	57.8152535189275
MS4A1	8	2.2540048208746	2.25009731709197	100394670.5	0.966970115878064	0	0	93.4801381692573	0.510830043052488
AFF3	8	2.34387260680917	2.18194155989511	100166587	0.964773286830004	0	0	96.4162348877375	14.6467688326753
CD79B	8	2.23403978810203	2.14592489191928	100727931.5	0.970179981762207	0	0	95.4231433506045	14.1894755626938
BACH2	8	2.58618586954566	1.89422983715844	96396474.5	0.928460740528073	0	0	96.7616580310881	58.0985522764282
IKZF3	8	1.99404240721994	1.85228940311699	98932020.5	0.952882327821735	0	0	94.4300518134715	15.3405161837204
PAX5	8	1.81976474053779	1.81729513063141	99364880	0.95705149535612	0	0	91.4939550949914	0.314528541792143
IGLC1	8	1.84114559779811	1.81094271460299	97945730	0.943382685715987	0	0	90.1122625215889	1.80686609114636
IGHD	8	1.67909202147632	1.6459989005712	93419552.5	0.899787957431485	0	0	81.433506044905	5.29344843739544
RALGPS2	8	1.89918281907926	1.62803962689028	95864090	0.923332979272492	0	0	92.6597582037997	33.7214749380981
RIPOR2	8	1.98523808914414	1.60291630787676	93746411	0.902936156434944	0	0	91.7962003454231	37.6787347475964
GIMAP6	8	1.7135036974657	1.47433140493116	91693308	0.883161309464162	0	0	86.139896373057	22.9962747328738
FOXP1	8	2.8129514297463	1.46871471778104	94394542	0.90917875183421	0	0	98.6614853195164	86.252202815142
KLF2	8	1.77140052100061	1.41204011678205	88091287	0.848467768000074	0	0	84.4991364421416	32.4633607709295
CD55.1	8	1.387131903077	1.36958577252618	91700485.5	0.883230440902834	0	0	77.720207253886	3.18097659996877
ARHGAP15	8	2.79637027673665	1.35655669517879	87176309.5	0.83965499044132	0	0	98.9205526770294	70.1889401949631
CD37	8	2.31734536259648	1.34495455261351	94379791	0.909036674808525	0	0	97.4956822107081	74.4651899440095
HLA-DMB	8	1.59029852282765	1.33699274272869	91115721	0.877598171844026	0	0	85.9671848013817	28.8741662762944
BTLA	8	1.42177885028413	1.30836007702173	91345173.5	0.879808186672587	0	0	81.9948186528497	12.3893015681813
ETS1	8	1.70479319493661	1.28531548681212	89613432.5	0.863128598133664	0	0	89.3782383419689	37.5850453947222
FCMR	8	1.2810604136084	1.27932600703707	91798627	0.884175709184057	0	0	76.9430051813471	0.298913649646434
ABLIM1	8	1.47566420340714	1.2472595791772	90996654.5	0.876451360497081	0	0	85.9240069084629	21.9701532490129
FCRLA	8	1.27061989679804	1.22634548979922	91372832.5	0.880074589523475	0	0	78.7564766839378	4.66439135381115
TMEM163	8	1.2899139619288	1.21033886435313	87438272.5	0.842178136253784	0	0	73.1433506044905	8.73318610720739
VPREB3	8	1.20495340569808	1.20316396802749	85395023	0.822498195118037	0	0	64.6373056994819	0.278837359744808
CXCL10	9	4.42262265799459	3.82913908420783	93850378	0.987204825105352	0	0	99.8105163429654	34.9780166096727
PLAC8	9	3.99732815293128	2.36260442681392	84341006	0.887176480817578	0	0	99.0052108005684	65.4194608518009
SLFN5	9	3.00360358890696	2.0124179599393	91241952.5	0.959767000192938	0	0	99.7157745144481	66.6718479371142
CXCL9	9	2.67203945573827	2.0048406766504	76899312.5	0.808897885816553	0	0	79.5831359545239	36.6212195230271
IFI16.7	9	2.8566441076509	1.99666770463362	90753466	0.954628648701175	0	0	99.2420653718617	56.1064973131412
ISG15	9	3.12376323113162	1.89342817846966	85401416	0.898330851113134	0	0	98.7209853150166	70.7643114091575
IFI16.6	9	2.95131806809606	1.86811693408855	89204999	0.938340444790942	0	0	99.336807200379	61.6378736066083
IFITM3	9	3.94977730620531	1.83448903532309	86759159.5	0.912612849364174	0	0	100	81.4917617799885
LYZ	9	4.38580628013309	1.83057079536117	72809614	0.765878665452559	0	0	96.6366650876362	83.1149797930453
SOCS1	9	2.4621435125358	1.80220992777336	87867999.5	0.924276651062126	0	0	97.2051160587399	54.3167384642714
GBP5	9	2.40756148150272	1.75351774130884	90030823.5	0.947027228461544	0	0	99.194694457603	55.1494426433361
S100A6	9	2.93985581420542	1.74542357193953	82125987.5	0.863876873533123	0	0	98.8157271435339	56.9458631256384
CDKN1A	9	2.2816014904447	1.74156327526242	87247358.5	0.917748176665803	0	0	96.8261487446708	42.2147710618644
IFI16.3	9	2.78986687557936	1.72796962333734	89829797	0.944912646346872	0	0	99.4789199431549	73.8908380334858
VIM	9	3.0100026133649	1.70602681628756	82958970.5	0.872638956908331	0	0	98.5788725722406	63.5586445796509
IFIT2	9	2.55056613524495	1.69935178230394	80851215	0.850467640776366	0	0	91.4258645191852	58.309277434827
GPR141	9	2.25830938479194	1.68303172031308	85992578.5	0.904549243461233	0	0	97.2998578872572	37.9890749211707
S100A4	9	2.31343181519697	1.67578894765587	82663501	0.869530936223838	0	0	93.0364756039792	38.0112803659457
IFI16.5	9	2.70894865886779	1.658636868528	89724878.5	0.943809016807492	0	0	99.8105163429654	67.6044766176666
SAMHD1	9	3.38192550395112	1.63823670347254	90158481	0.948370047772947	0	0	100	89.5812053115424
CERS6	9	2.64810366550551	1.61048975453067	86323178	0.908026793882792	0	0	99.2894362861203	68.7502775680597
RSAD2	9	1.82059269597143	1.53856502851868	81798238	0.860429302039848	0	0	83.9886309805779	29.6087400630635
CALHM6	9	2.14774311845723	1.48123436152861	84334904.5	0.887112299613743	0	0	95.6418758882046	54.8518896833504
SRGN	9	3.27079665417151	1.48120312874494	85018984	0.894308078656377	0	0	99.4315490288963	89.614513478705
IFIT3	9	2.18004468191071	1.46632374445499	79263291	0.833764391752685	0	0	89.5783988630981	55.67127059555
PIM1	9	2.25075475360468	1.44557158874123	85179061.5	0.895991921425671	0	0	98.5788725722406	58.6712261846605
PDE7B	9	1.91609184422487	1.44255846584212	80792993.5	0.849855213347199	0	0	88.3941260066319	33.3015055291557
CEBPB	9	3.01923335628547	1.36576170674864	78293761.5	0.823565986366593	0	0	97.3945997157745	84.7137718168495
CYBB	9	2.7872384330765	1.34721733133064	79512579.5	0.836386638090822	0	0	98.7209853150166	68.9345827596927
ZYX	9	1.74691987781356	1.33147199828296	86245315	0.907207759043133	0	0	93.6049265750829	45.6366301017009
